id_r,id_q,r_scale,q_scale,success_rate,mean_steps_success,mean_rmse_gnss_xy,mean_rmse_ekf_xy,mean_smoothness_xy,mean_theta_err,cost_score,stage,quality_score
1,1,0.4,0.6,1,612,0.708731645924274,0.181874337965102,0.0820058915701173,0.148617186891936,0.231077872907173,coarse,0.812296299046066
1,2,0.4,0.766666666666667,1,597.333333333333,0.695284974145303,0.175806424253128,0.0756607050424705,0.136674186595534,0.22120284727861,coarse,0.818864779285808
1,3,0.4,0.933333333333333,1,618.333333333333,0.708784166276678,0.172443927140142,0.0717755593988296,0.153808179035663,0.215509262779439,coarse,0.822700435629223
1,4,0.4,1.1,1,581,0.706970795398426,0.181982388512255,0.0696695989663673,0.123504715823538,0.223784147892075,coarse,0.817137566067075
1,5,0.4,1.26666666666667,1,587.333333333333,0.709839180175178,0.170029966270347,0.0680780248654788,0.124426944413297,0.210876781189635,coarse,0.825847861264251
1,6,0.4,1.43333333333333,1,596.333333333333,0.711863032973734,0.186419238512397,0.0664954486507837,0.164579024336577,0.226316507702868,coarse,0.815450166183604
1,7,0.4,1.6,1,576.333333333333,0.706528968752991,0.174989364211895,0.0647920198247644,0.137801664760231,0.213864576106753,coarse,0.823815127060809
2,1,0.6,0.6,1,620,0.71352373654297,0.195229128206728,0.0929539425929345,0.145083438911255,0.251001493762489,coarse,0.799359557111653
2,2,0.6,0.766666666666667,1,652,0.714893716157273,0.206686372284385,0.0846043107481313,0.165385223371502,0.257448958733263,coarse,0.795260907454555
2,3,0.6,0.933333333333333,1,600.333333333333,0.713909355284359,0.171623039069961,0.0813238713633298,0.133447083266434,0.220417361887959,coarse,0.819391817282099
2,4,0.6,1.1,1,596.666666666667,0.701192664499528,0.179552756999817,0.076569152195583,0.131463303189344,0.225494248317167,coarse,0.815997301801446
2,5,0.6,1.26666666666667,1,598,0.708994045216496,0.193093306114139,0.0741726862687977,0.140972584531212,0.237596917875418,coarse,0.808017526188332
2,6,0.6,1.43333333333333,1,597.666666666667,0.702870802380577,0.180360227866772,0.0706538989935182,0.130089786483555,0.222752567262883,coarse,0.81782694780064
2,7,0.6,1.6,1,576,0.707056337392467,0.169029666829864,0.0703325116289714,0.120535502844559,0.211229173807247,coarse,0.825607590722661
3,1,0.8,0.6,1,641.666666666667,0.696235142826822,0.2077876764044,0.0993350329260717,0.160157602692952,0.267388696160043,coarse,0.789023922203045
3,2,0.8,0.766666666666667,1,611,0.695327072378097,0.187829033188648,0.0917149760756298,0.144181352350277,0.242858018834026,coarse,0.804597134062135
3,3,0.8,0.933333333333333,1,642.666666666667,0.702306129620719,0.195805244127835,0.0860970272536934,0.151200359744335,0.247463460480051,coarse,0.801626686215866
3,4,0.8,1.1,1,613,0.710635572485866,0.193571195195533,0.0831729757037225,0.158716277171785,0.243474980617767,coarse,0.804197925641571
3,5,0.8,1.26666666666667,1,603,0.720627452971095,0.185111578524699,0.0803165158622788,0.135059746814009,0.233301488042067,coarse,0.810831746897147
3,6,0.8,1.43333333333333,1,593,0.698451018853773,0.177373852495743,0.0771544029770019,0.12876382116048,0.223666494281944,coarse,0.817216132559719
3,7,0.8,1.6,1,584.333333333333,0.694618450859728,0.173318406965965,0.0745706465709471,0.127898353039003,0.218060794908533,coarse,0.820977084378692
4,1,1,0.6,1,632.333333333333,0.704117220079585,0.220529934174299,0.108249283505163,0.159670216025642,0.285479504277396,coarse,0.77791983199462
4,2,1,0.766666666666667,1,642.666666666667,0.708117023593312,0.222800331732988,0.0999458379456766,0.167672054291951,0.282767834500394,coarse,0.77956429301135
4,3,1,0.933333333333333,1,631.333333333333,0.70776589978355,0.204764586375616,0.0931506038780273,0.149185756362103,0.260654948702432,coarse,0.793238467852984
4,4,1,1.1,1,634.333333333333,0.70837600468782,0.1964176702052,0.0888736861687511,0.160753498776822,0.24974188190645,coarse,0.800165229698892
4,5,1,1.26666666666667,1,619.333333333333,0.697603182126824,0.190530550213517,0.0832736515599258,0.144389054650511,0.240494741149473,coarse,0.806129979296305
4,6,1,1.43333333333333,1,627.333333333333,0.705902799458702,0.199748434286786,0.0806023127525965,0.147682923489458,0.248109821938344,coarse,0.80121154598958
4,7,1,1.6,1,620.333333333333,0.713354176943345,0.189391921967759,0.0797019244307531,0.157231734768992,0.237213076626211,coarse,0.808268210943038
5,1,1.2,0.6,1,661,0.706204400679069,0.229627142047068,0.115978844389831,0.181338798739663,0.299214448680966,coarse,0.769695873545168
5,2,1.2,0.766666666666667,1,662.666666666667,0.713516850362841,0.217125842368236,0.107467919942753,0.172079280578039,0.281606594333888,coarse,0.780270641881137
5,3,1.2,0.933333333333333,1,626,0.70554894461829,0.199195402574181,0.100723041818568,0.152269698106788,0.259629227665322,coarse,0.793884405058991
5,4,1.2,1.1,1,639.666666666667,0.705224512632239,0.205538243802719,0.0929979648962954,0.158529131775694,0.261337022740496,coarse,0.792809520351118
5,5,1.2,1.26666666666667,1,647.333333333333,0.693109206722436,0.209322935730167,0.0873167581726131,0.175115691801957,0.261712990633735,coarse,0.792573277301138
5,6,1.2,1.43333333333333,1,624.666666666667,0.706739053914303,0.19424661957942,0.0863019697078735,0.160014767134951,0.246027801404144,coarse,0.802550311375961
5,7,1.2,1.6,1,608,0.699081232635335,0.192174074342262,0.0825686334864511,0.145246929410207,0.241715254434132,coarse,0.805337613779831
6,1,1.4,0.6,1,689.333333333333,0.711613397452824,0.236131279587192,0.123473026431119,0.208017914223773,0.310215095445864,coarse,0.76323345951048
6,2,1.4,0.766666666666667,1,654,0.708287490218096,0.228460758957099,0.113086466407423,0.170927634938687,0.296312638801553,coarse,0.771418846092949
6,3,1.4,0.933333333333333,1,640.666666666667,0.721934136020236,0.21870115302665,0.106173994976832,0.162652920545686,0.28240555001275,coarse,0.779784522914813
6,4,1.4,1.1,1,641,0.707294280361182,0.210019270102686,0.0986348923462913,0.149558649213136,0.269200205510461,coarse,0.787897760856262
6,5,1.4,1.26666666666667,1,613.333333333333,0.716202732356524,0.201153998445004,0.0951702822843806,0.165792577929007,0.258256167815632,coarse,0.794750723722681
6,6,1.4,1.43333333333333,1,648.666666666667,0.709539752882224,0.207825947425155,0.0900442113391575,0.160697216017748,0.26185247422865,coarse,0.792485667241952
6,7,1.4,1.6,1,641.666666666667,0.708496714312612,0.195455006298061,0.0876472697288266,0.177593688754492,0.248043368135357,coarse,0.801254207611433
7,1,1.6,0.6,1,678,0.701764960674667,0.239841903839278,0.129352075507177,0.188544141189688,0.317453149143585,coarse,0.759040274525173
7,2,1.6,0.766666666666667,1,664,0.70700241339448,0.232494488568162,0.116944964859914,0.167783359940271,0.30266146748411,coarse,0.767659153940698
7,3,1.6,0.933333333333333,1,670,0.719646970950004,0.227735230534394,0.110977871226465,0.178971853583443,0.294321953270273,coarse,0.772605299225103
7,4,1.6,1.1,1,634.666666666667,0.717055004845374,0.215232268784044,0.10519399105121,0.165561554978872,0.27834866341477,coarse,0.782259197837908
7,5,1.6,1.26666666666667,1,639.333333333333,0.706084587567086,0.202742986936725,0.0981484801662938,0.16931348816666,0.261632075036501,coarse,0.792624109505989
7,6,1.6,1.43333333333333,1,643,0.720971371809406,0.210704047564209,0.095859877445371,0.160538212755201,0.268219974031431,coarse,0.788506742108145
7,7,1.6,1.6,1,638,0.702730530293059,0.20440063660801,0.08980908833806,0.160087094956444,0.258286089610846,coarse,0.794731824707108
1,1,0.2,1.1,1,565.666666666667,0.715708113756493,0.164628694298066,0.0631808303284884,0.122596896483541,0.202537192495159,fine,0.831575111556498
1,2,0.2,1.14166666666667,1,583,0.72270241973131,0.169485992936562,0.061561541101184,0.128874271309564,0.206422917597273,fine,0.828896720556016
1,3,0.2,1.18333333333333,1,553,0.700273042287447,0.14033791060839,0.0618823130800856,0.107413657308294,0.177467298456441,fine,0.849280486439763
1,4,0.2,1.225,1,554,0.716523441345372,0.169152907770207,0.0622787396083437,0.125156950987192,0.206520151535213,fine,0.828829919440276
1,5,0.2,1.26666666666667,1,575.666666666667,0.697873095869477,0.164064732946765,0.0597484457299055,0.137489830142928,0.199913800384708,fine,0.83339319847758
1,6,0.2,1.30833333333333,1,565,0.724162673295734,0.158752063773724,0.0612845641955452,0.133107915668987,0.195522802291051,fine,0.836454142140694
1,7,0.2,1.35,1,535.333333333333,0.699314482480432,0.149118486338534,0.0619898953587833,0.104155847305501,0.186312423553804,fine,0.842948265689005
1,8,0.2,1.39166666666667,1,568.333333333333,0.71775741416122,0.168773037626314,0.0603176166985466,0.132065793876536,0.204963607645442,fine,0.829900582602697
1,9,0.2,1.43333333333333,1,559,0.712599792997434,0.162511254429796,0.06017455307843,0.126464079513021,0.198615986276854,fine,0.834295563757834
2,1,0.25,1.1,1,594,0.705539665115513,0.176231337286823,0.0631850554386321,0.174196018432236,0.214142370550002,fine,0.823626639062933
2,2,0.25,1.14166666666667,1,570,0.709216285866166,0.154136695679782,0.0637606507651553,0.114691793297673,0.192393086138875,fine,0.838649612803552
2,3,0.25,1.18333333333333,1,572,0.717964964988474,0.163462470693163,0.0642753839675462,0.117904290928611,0.202027701073691,fine,0.831927582955673
2,4,0.25,1.225,1,594.666666666667,0.706083718648426,0.169113910394956,0.0620138435063248,0.144472341059094,0.206322216498751,fine,0.828965915012671
2,5,0.25,1.26666666666667,1,570,0.715593116635124,0.164414416312534,0.0630746493703891,0.124730795567337,0.202259205934767,fine,0.831767388482995
2,6,0.25,1.30833333333333,1,569,0.707767315082881,0.164533089664864,0.06243966667948,0.122462812496346,0.201996889672552,fine,0.831948908180969
2,7,0.25,1.35,1,562,0.716336151938009,0.162290563982242,0.0633819530268295,0.124641433126381,0.20031973579834,fine,0.833111353730174
2,8,0.25,1.39166666666667,1,582.333333333333,0.714171888023115,0.1665124719703,0.0615911188593692,0.130918310095521,0.203467143285922,fine,0.830932531543504
2,9,0.25,1.43333333333333,1,589.666666666667,0.716722651220605,0.17080149521955,0.0613476003830229,0.147499003719132,0.207610055449364,fine,0.828081875840202
3,1,0.3,1.1,1,575.666666666667,0.69824326378013,0.164727759333294,0.066530790491316,0.1294213700552,0.204646233628083,fine,0.830119226777689
3,2,0.3,1.14166666666667,1,586,0.722290889806493,0.170733786030054,0.0664589756599315,0.143952340213351,0.210609171426013,fine,0.826030418076273
3,3,0.3,1.18333333333333,1,580,0.703542539590425,0.168548754626717,0.0650006906753325,0.136779441644157,0.207549169031916,fine,0.828123628954747
3,4,0.3,1.225,1,573,0.715311302257669,0.164347734292747,0.0650976288315588,0.147007401867381,0.203406311591682,fine,0.830974534841315
3,5,0.3,1.26666666666667,1,594.333333333333,0.712656435449115,0.167531181346726,0.0636626705783158,0.13125875783194,0.205728783693715,fine,0.829373913540099
3,6,0.3,1.30833333333333,1,562,0.715725252131356,0.16327309952053,0.0646280192378788,0.13277136323521,0.202049911063258,fine,0.831912211628103
3,7,0.3,1.35,1,569.333333333333,0.714610475507298,0.167519167041844,0.0640346069530783,0.131773234308419,0.205939931213691,fine,0.829228698807222
3,8,0.3,1.39166666666667,1,560.333333333333,0.694943131483846,0.160704458851198,0.0641153361964598,0.119376355633778,0.199173660569074,fine,0.833907575592884
3,9,0.3,1.43333333333333,1,582.333333333333,0.703954785278526,0.18134133653627,0.0625121198131271,0.159735110630077,0.218848608424146,fine,0.820446438621203
4,1,0.35,1.1,1,580.333333333333,0.715860767586438,0.173578888828116,0.0685210276455738,0.127238747813525,0.214691505415461,fine,0.82325429587817
4,2,0.35,1.14166666666667,1,572.666666666667,0.713870974969131,0.170730194416283,0.0683029869113274,0.119922596081539,0.211711986563079,fine,0.825278623211789
4,3,0.35,1.18333333333333,1,583.666666666667,0.717418113548598,0.176306553772407,0.0677997284238221,0.137772765779661,0.2169863908267,fine,0.821701875664114
4,4,0.35,1.225,1,574.333333333333,0.700616235442684,0.171347959266533,0.0669560665402183,0.125137408994215,0.211521599190664,fine,0.825408313535667
4,5,0.35,1.26666666666667,1,580.333333333333,0.704814184820888,0.175128723711268,0.0661033172908278,0.146187856680749,0.214790714085765,fine,0.823187062927614
4,6,0.35,1.30833333333333,1,571,0.707187830155713,0.158066044646927,0.0662064573406859,0.142210474542174,0.197789919051339,fine,0.834870943639273
4,7,0.35,1.35,1,565.666666666667,0.70556617004842,0.171009115430415,0.0653376508396418,0.141078605101675,0.2102117059342,fine,0.826301708285055
4,8,0.35,1.39166666666667,1,567.666666666667,0.71151333641186,0.178904505680236,0.0653277532351258,0.128335071996506,0.218101157621312,fine,0.820949880675579
4,9,0.35,1.43333333333333,1,590,0.711748201855159,0.173305755513063,0.064000440467073,0.133999979984372,0.211706019793307,fine,0.825282687108033
5,1,0.4,1.1,1,585,0.698158365454365,0.16311424290445,0.0700189349148479,0.130650532617769,0.205125603853358,fine,0.829789025146031
5,2,0.4,1.14166666666667,1,589.666666666667,0.703691278916374,0.172098583260787,0.0691684305242356,0.134125122827755,0.213599641575329,fine,0.823994969792457
5,3,0.4,1.18333333333333,1,577,0.709490223918639,0.169794536799991,0.0691103705893434,0.115799780593215,0.211260759153597,fine,0.825586061830963
5,4,0.4,1.225,1,589.333333333333,0.709858335391292,0.174911569859675,0.0675529490010336,0.130448077906032,0.215443339260295,fine,0.822745057460752
5,5,0.4,1.26666666666667,1,593.333333333333,0.713207363622745,0.17074488510013,0.0686337297116007,0.128995508936019,0.21192512292709,fine,0.825133484802064
5,6,0.4,1.30833333333333,1,575,0.713346473745915,0.168109485354927,0.0680578126877436,0.120453422430535,0.208944172967573,fine,0.827168054869993
5,7,0.4,1.35,1,571,0.702417145062476,0.154359676237728,0.0666189660417219,0.117921446338485,0.194331055862761,fine,0.83728878612942
5,8,0.4,1.39166666666667,1,591.333333333333,0.710113989707195,0.168890485374347,0.0664987211658361,0.120339724386736,0.208789718073849,fine,0.827273747491379
5,9,0.4,1.43333333333333,1,585.666666666667,0.727037926550903,0.17801062746184,0.0663600117952882,0.123583707590594,0.217826634539013,fine,0.821134939603725
6,1,0.45,1.1,1,614.666666666667,0.711266276154419,0.185649818819431,0.0704502495392911,0.144229400147394,0.227919968543006,fine,0.814385322837086
6,2,0.45,1.14166666666667,1,597,0.693248212548971,0.169230222953996,0.0699105349102373,0.131180165079841,0.211176543900138,fine,0.82564346629425
6,3,0.45,1.18333333333333,1,590,0.699269859780706,0.173541365661265,0.0696127324951427,0.133978877869595,0.21530900515835,fine,0.822835999532237
6,4,0.45,1.225,1,590,0.704663584384504,0.170093772024014,0.0702794291665,0.125187030090894,0.212261429523914,fine,0.824904575568923
6,5,0.45,1.26666666666667,1,587.666666666667,0.712695573332737,0.176914479138962,0.0695121377571499,0.129751640097867,0.218621761793252,fine,0.820599164853628
6,6,0.45,1.30833333333333,1,577.333333333333,0.700841115361286,0.175138207075616,0.0685803339044977,0.128725855801251,0.216286407418315,fine,0.822174772241841
6,7,0.45,1.35,1,592.666666666667,0.69670479102921,0.175063223698372,0.0674842155738643,0.125827078115097,0.215553753042691,fine,0.822670324119249
6,8,0.45,1.39166666666667,1,596,0.72036072125354,0.189368934203069,0.0685472880171351,0.148262576596212,0.23049730701335,fine,0.812679551836801
6,9,0.45,1.43333333333333,1,611.333333333333,0.715821005538809,0.184964274808896,0.0665230932376273,0.161284001761773,0.224878130751472,fine,0.816407751019681
7,1,0.5,1.1,1,607.666666666667,0.711688685615398,0.191827147004789,0.0733785116087486,0.120851481299156,0.235854253970038,fine,0.809156902432157
7,2,0.5,1.14166666666667,1,581.666666666667,0.703155869096232,0.181256164472702,0.0731396316504831,0.13148513481146,0.225139943462991,fine,0.816233284479642
7,3,0.5,1.18333333333333,1,596,0.690741787875675,0.182296860353056,0.0708515827307488,0.153554351353155,0.224807809991506,fine,0.816454624017245
7,4,0.5,1.225,1,583.666666666667,0.700532323150341,0.179101542032279,0.0714755688889817,0.136912798506409,0.221986883365668,fine,0.818339389409599
7,5,0.5,1.26666666666667,1,626,0.708086434742574,0.190117753807014,0.0694494881900842,0.153517227245352,0.231787446721065,fine,0.811828374012036
7,6,0.5,1.30833333333333,1,602.333333333333,0.69512456938124,0.170660041490609,0.0694328083749361,0.133075606740599,0.212319726515571,fine,0.824864908264904
7,7,0.5,1.35,1,594,0.707536227187854,0.184845140851369,0.0703531494969145,0.135092218881936,0.227057030549517,fine,0.814958046043032
7,8,0.5,1.39166666666667,1,594,0.709967267015156,0.173816038515564,0.0691940367215748,0.133633799468276,0.215332460548509,fine,0.822820119153796
7,9,0.5,1.43333333333333,1,610.666666666667,0.714232101021509,0.197641407811093,0.0689529783733253,0.173147765976873,0.239013194835088,fine,0.807093906803066
8,1,0.55,1.1,1,598.333333333333,0.71135947751528,0.177781512376304,0.0752282058491369,0.11849329487657,0.222918435885786,fine,0.817716023126006
8,2,0.55,1.14166666666667,1,596,0.700845867716131,0.175507362466804,0.0738631430873608,0.137105008111402,0.21982524831922,fine,0.819789557051623
8,3,0.55,1.18333333333333,1,576.666666666667,0.714741178803391,0.182396924707394,0.0754224252215334,0.136427254075637,0.227650379840314,fine,0.814564159651117
8,4,0.55,1.225,1,591.666666666667,0.70136382419859,0.176085313965609,0.0735984209287246,0.124433980839123,0.220244366522844,fine,0.819507983347268
8,5,0.55,1.26666666666667,1,585.666666666667,0.700093262135759,0.181249638189187,0.0728609017957995,0.134371148941737,0.224966179266667,fine,0.816349068999322
8,6,0.55,1.30833333333333,1,588.666666666667,0.718178857840882,0.176575863388713,0.0729263185096875,0.139412330671973,0.220331654494525,fine,0.819449365520401
8,7,0.55,1.35,1,587.333333333333,0.710290703570071,0.178183743373256,0.0721968641861496,0.119633623622968,0.221501861884946,fine,0.818664327254371
8,8,0.55,1.39166666666667,1,595,0.705146083332197,0.170529605521445,0.0706753647252115,0.129113782790889,0.212934824356572,fine,0.824446606626594
8,9,0.55,1.43333333333333,1,603.666666666667,0.721144735960361,0.179106727534494,0.0705252489285884,0.139687696360023,0.221421876891647,fine,0.81871793760962
9,1,0.6,1.1,1,620,0.714914759904861,0.185030507394551,0.0765411267316725,0.160236417995692,0.230955183433555,fine,0.812377260730694
9,2,0.6,1.14166666666667,1,608.333333333333,0.715768141528569,0.177679860002503,0.0763079377764461,0.148682763058447,0.223464622668371,fine,0.81735097318875
9,3,0.6,1.18333333333333,1,600,0.715307125800012,0.180304290238233,0.0760412336621754,0.136044111187463,0.225929030435538,fine,0.815707904106593
9,4,0.6,1.225,1,611.666666666667,0.715870110100912,0.182718539947671,0.0753221583538096,0.143694527667059,0.227911834959957,fine,0.814390717255861
9,5,0.6,1.26666666666667,1,600,0.714201044613065,0.17305373909861,0.0745347132271776,0.131773216983602,0.217774567034917,fine,0.821170048274894
9,6,0.6,1.30833333333333,1,577.333333333333,0.712837885809938,0.154644797609588,0.0750934083733074,0.119760893581295,0.199700842633573,fine,0.833541133308541
9,7,0.6,1.35,1,584.333333333333,0.695142471508968,0.169465422140957,0.0728327552884331,0.124570234601089,0.213165075314016,fine,0.824290131943635
9,8,0.6,1.39166666666667,1,598,0.718631931252704,0.17644637859889,0.0733746946068917,0.14416910542142,0.220471195363025,fine,0.819355674922384
9,9,0.6,1.43333333333333,1,588.666666666667,0.709440680126065,0.176793246368407,0.0720624550516802,0.13710607667179,0.220030719399415,fine,0.819651492457723
