step,nav_state,reason,true_x,true_y,true_theta,est_x,est_y,est_theta,loc_err_xy_m,loc_err_theta_rad,v_cmd,w_cmd,front_min,left_min,right_min,pf_cluster_radius_m,kf_var_xy_mean,disagreement_xy_m,path_distance_m,path_index,track_stall_steps,goal_dist_true_m,goal_dist_est_m,pf_dominant_mass,pf_top_ratio,pf_hypothesis_count,ambiguity_active,ambiguity_counter,ambiguity_front_m,ambiguity_left_m,ambiguity_right_m,ambiguity_scan_change_m,path_revision,path_num_points,path_length_m,path_goal_x,path_goal_y,transition_reason,track_event,force_replan_reason,force_relocalize_reason,speed_limiter,base_v_cmd,base_w_cmd,align_active,align_target_heading,align_heading_error,ctrl_nearest_idx,ctrl_look_idx,ctrl_target_x,ctrl_target_y,ctrl_alpha,ctrl_curvature,ctrl_lookahead_dist,scan_mismatch_cost,scan_mismatch_counter,map_conflict_counter,scan_match_cost,scan_match_ema,path_distance_ema,pf_cluster_ema,disagreement_ema,scan_match_trend,path_distance_trend,localize_stable_counter,localize_cmd_distance_m,localize_cmd_turn_rad,localization_commit_state,ambiguity_clear_counter,clear_counter_effective,localize_contradiction_counter,localize_no_progress_counter,localize_trace_loop_counter,localize_trace_bbox_diag_m,localize_allow_global_reseed,reseed_attempt_count,reseed_success_count,reseed_last_score,post_reseed_hold_counter,commit_watchdog_counter,hard_path_dist_counter,disambiguation_goal_switches,path_quality_score,est_jump_m
1,globalize,scan_match_bad,9.2,8.4,0.26499097777809,0.543196779511736,1.51713465389484,-3.00373828099764,11.059569493017,3.01445604840385,0,0.55,0.855817413068187,1.54492576913158,0.939197293923568,0.079670978985154,1.01,Inf,Inf,1,NaN,11.327841806805,0.761728301870172,0.652317434985395,2.34490345388954,3,0,0,0.855817413068187,1.54492576913158,0.939197293923568,0,0,0,0,NaN,NaN,stay,none,none,none,none,NaN,NaN,0,NaN,NaN,NaN,NaN,NaN,NaN,NaN,NaN,NaN,NaN,NaN,NaN,0.316822620348307,0.316822620348307,NaN,0.079670978985154,NaN,0,0,0,0,0.055,search,0,1,0,0,0,Inf,1,NaN,NaN,NaN,NaN,NaN,NaN,NaN,NaN,NaN
2,globalize,pf_cluster_very_wide,9.20019899964776,8.40006004939671,0.321143613797657,8.78068046636818,8.44092091957831,0.466272855926227,0.421503749066412,0.145129242128571,0,0.55,0.807705276227859,1.70144776937605,0.89976301045799,2.96537847651586,1.02,Inf,Inf,1,NaN,11.3280296604537,11.0487525633223,0.423599711269576,1.03297985360673,4,0,0,0.807705276227859,1.70144776937605,0.89976301045799,0.181972183553362,0,0,0,NaN,NaN,stay,none,none,none,none,NaN,NaN,0,NaN,NaN,NaN,NaN,NaN,NaN,NaN,NaN,NaN,NaN,NaN,NaN,0.172639298493994,0.290869622414531,NaN,0.599098328540681,NaN,-0.0259529979337764,0,0,0,0.11,search,0,2,0,0,0,Inf,1,NaN,NaN,NaN,NaN,NaN,NaN,NaN,NaN,10.7608063705325
3,globalize,pf_cluster_very_wide,9.2001282884806,8.40003430331411,0.377220911584067,8.86341338334774,8.45131620337274,0.470348374457374,0.340597652094455,0.0931274628733072,0,0.55,0.850526570796276,1.72079479896185,0.944707846845429,1.3339477977724,1.03,Inf,Inf,1,NaN,11.3279599520162,11.1158119377194,0.479248878836073,1.22390030612402,3,0,0,0.850526570796276,1.72079479896185,0.944707846845429,0.16901147582834,0,0,0,NaN,NaN,stay,none,none,none,none,NaN,NaN,0,NaN,NaN,NaN,NaN,NaN,NaN,NaN,NaN,NaN,NaN,NaN,NaN,0.0864378221902881,0.254071898374167,NaN,0.731371233002391,NaN,-0.0367977240403637,0,0,0,0.165,search,0,3,0,0,0,Inf,1,NaN,NaN,NaN,NaN,NaN,NaN,NaN,NaN,0.0833834364673952
4,globalize,pf_cluster_very_wide,9.20009649018832,8.40002067814109,0.432420966099251,8.93593965669966,8.44800827424566,0.569994261791375,0.268480245192546,0.137573295692124,0,-0.55,0.859558477093669,1.70558439101114,0.825730168339566,1.39264764906585,1.04,Inf,Inf,1,NaN,11.3279272310801,11.1662681617624,0.641889103103797,1.00106468446188,2,0,0,0.859558477093669,1.70558439101114,0.825730168339566,0.575649671361092,0,0,0,NaN,NaN,stay,none,none,none,none,NaN,NaN,0,NaN,NaN,NaN,NaN,NaN,NaN,NaN,NaN,NaN,NaN,NaN,NaN,0.0768813730134461,0.222177603809237,NaN,0.850400987893814,NaN,-0.0318942945649298,0,0,0,0.22,search,0,4,0,0,0,Inf,1,NaN,NaN,NaN,NaN,NaN,NaN,NaN,NaN,0.0726016716159316
5,globalize,pf_cluster_medium,9.20002604939635,8.39999048049707,0.377572078753326,8.9736373959221,8.42240069226161,0.421483601531287,0.227495142834343,0.0439115227779618,0,0.55,0.855115102280604,1.7484525260942,0.919295589814072,0.489574493473734,1.05,Inf,Inf,1,NaN,11.3278547366297,11.1762847401722,0.686498223892977,1.07428186918318,2,0,0,0.855115102280604,1.7484525260942,0.919295589814072,0.573984631247142,0,0,0,NaN,NaN,stay,none,none,none,none,NaN,NaN,0,NaN,NaN,NaN,NaN,NaN,NaN,NaN,NaN,NaN,NaN,NaN,NaN,0.0399521729849822,0.189377026260871,NaN,0.785452218898199,NaN,-0.0328005775483659,0,0,0,0.275,search,0,5,0,0,0,Inf,1,NaN,NaN,NaN,NaN,NaN,NaN,NaN,NaN,0.0455726650257909
6,globalize,pf_cluster_medium,9.19996107405982,8.39996255076296,0.434373064894557,9.02596927973237,8.41864894149033,0.54072049253545,0.174992358952336,0.106347427640893,0,0.55,0.877816902418584,1.74260085222937,0.904664164171832,0.482230443441645,1.06,Inf,Inf,1,NaN,11.3277878166357,11.2120641402363,0.760776867522109,1.01989317934154,1,0,0,0.877816902418584,1.74260085222937,0.904664164171832,0.56401383466724,0,0,0,NaN,NaN,stay,none,none,none,none,NaN,NaN,0,NaN,NaN,NaN,NaN,NaN,NaN,NaN,NaN,NaN,NaN,NaN,NaN,0.0415548037615371,0.162769026210991,NaN,0.73087229931602,NaN,-0.0266080000498802,0,0,0,0.33,search,0,6,0,0,0,Inf,1,NaN,NaN,NaN,NaN,NaN,NaN,NaN,NaN,0.0524661957548018
7,globalize,pf_cluster_medium,9.19999950850924,8.39998170174044,0.490162424887598,9.04469679382139,8.42397618704587,0.57637174603971,0.157145373824649,0.0862093211521118,0.025,0.39,0.873197944172224,1.67749502111201,0.802059709267848,0.481370752668018,1.07,Inf,Inf,1,NaN,11.3278291658086,11.2294273283499,0.773149568528072,1.00906060626103,1,0,0,0.873197944172224,1.67749502111201,0.802059709267848,0.0866948131288327,0,0,0,NaN,NaN,stay,none,none,none,none,NaN,NaN,0,NaN,NaN,NaN,NaN,NaN,NaN,NaN,NaN,NaN,NaN,NaN,NaN,0.0292925491064173,0.138743260332168,NaN,0.68596202091938,NaN,-0.0240257658788233,0,0,0.0025,0.369,search,0,7,0,0,0,Inf,1,NaN,NaN,NaN,NaN,NaN,NaN,NaN,NaN,0.0194704732650148
8,globalize,pf_cluster_medium,9.20221778574195,8.40122149162673,0.529135033754642,9.05354427753597,8.4206307695248,0.600924599480429,0.149935092992932,0.071789565725787,0.025,0.39,0.817689027424023,1.61690834812706,0.82052049702046,0.484268437380885,1.08000646875,Inf,Inf,1,NaN,11.3303059042466,11.2336550804569,0.782551863818167,1.05023629953921,1,0,0,0.817689027424023,1.61690834812706,0.82052049702046,0.0788614655329103,0,0,0,NaN,NaN,stay,none,none,none,none,NaN,NaN,0,NaN,NaN,NaN,NaN,NaN,NaN,NaN,NaN,NaN,NaN,NaN,NaN,0.0250409345249974,0.118276841686877,NaN,0.649657175882451,NaN,-0.0204664186452907,0,0,0.005,0.408,search,0,8,0,0,0,Inf,1,NaN,NaN,NaN,NaN,NaN,NaN,NaN,NaN,0.00945884699474158
9,globalize,pf_cluster_medium,9.2043476936832,8.40252422201485,0.568729301907558,9.05857021938093,8.41987736763374,0.632992865524529,0.146806688120196,0.0642635636169713,0.025,0.39,0.99989864320853,1.65986990265802,0.812487700589147,0.500402955875735,1.09002589641228,Inf,Inf,1,NaN,11.3327593596017,11.2368373293477,0.780843270436683,1.05521973709758,1,0,0,0.99989864320853,1.65986990265802,0.812487700589147,0.080794210966516,0,0,0,NaN,NaN,stay,none,none,none,none,NaN,NaN,0,NaN,NaN,NaN,NaN,NaN,NaN,NaN,NaN,NaN,NaN,NaN,NaN,0.0174083318612738,0.100120509918269,NaN,0.622791416281242,NaN,-0.0181563317686086,0,0,0.0075,0.447,search,0,9,0,0,0,Inf,1,NaN,NaN,NaN,NaN,NaN,NaN,NaN,NaN,0.00508209659868496
10,globalize,pf_cluster_medium,9.20653086143536,8.40398384526591,0.609923401815269,9.05881857807157,8.41750645971589,0.663810070934488,0.148329969183937,0.053886669119219,0.124498638082239,0.151962675403984,1.03748865068532,1.63201996600281,0.815269706268483,0.492886291913651,1.10005831594111,Inf,Inf,1,NaN,11.3353575789796,11.2354122741141,0.787016445286827,1.00558009528551,1,0,0,1.03748865068532,1.63201996600281,0.815269706268483,0.0629893907845271,0,0,0,NaN,NaN,stay,none,none,none,none,NaN,NaN,0,NaN,NaN,NaN,NaN,NaN,NaN,NaN,NaN,NaN,NaN,NaN,NaN,0.0144103345715576,0.0846926783558607,NaN,0.599408493895076,NaN,-0.015427831562408,0,0,0.0199498638082239,0.462196267540398,search,0,10,0,0,0,Inf,1,NaN,NaN,NaN,NaN,NaN,NaN,NaN,NaN,0.00238388053269636
11,globalize,pf_cluster_medium,9.21683333299937,8.41131176061666,0.626585935993512,9.07495612036048,8.4270994674917,0.670441233330516,0.142752916448505,0.0438552973370037,0.025,0.39,0.922710798441821,1.6016719006072,0.814727338392367,0.490623782291708,1.1104145961041,Inf,Inf,1,NaN,11.3479139084147,11.2537791466202,0.784814588817702,1.02823884434298,1,0,0,0.922710798441821,1.6016719006072,0.814727338392367,0.0660465978472694,0,0,0,NaN,NaN,stay,none,none,none,none,NaN,NaN,0,NaN,NaN,NaN,NaN,NaN,NaN,NaN,NaN,NaN,NaN,NaN,NaN,0.0253145169322366,0.0740046092996084,NaN,0.579827245806469,NaN,-0.0106880690562523,0,0,0.0224498638082239,0.501196267540398,search,0,11,0,0,0,Inf,1,NaN,NaN,NaN,NaN,NaN,NaN,NaN,NaN,0.0187735470626389
12,globalize,pf_cluster_medium,9.218845860365,8.41282997280925,0.666012043909835,9.07577262911986,8.42426625758945,0.694036677514057,0.143529572243841,0.0280246336042218,0.025,0.39,0.87519297718068,1.56617358426033,0.808705158397161,0.483684192069555,1.12052535561565,Inf,Inf,1,NaN,11.3504249178384,11.2524596678018,0.784082590250881,1.05487320885201,1,0,0,0.87519297718068,1.56617358426033,0.808705158397161,0.0503283960448965,0,0,0,NaN,NaN,stay,none,none,none,none,NaN,NaN,0,NaN,NaN,NaN,NaN,NaN,NaN,NaN,NaN,NaN,NaN,NaN,NaN,0.0195904411658584,0.0642100590355334,NaN,0.562521496133825,NaN,-0.009794550264075,0,0,0.0249498638082239,0.540196267540399,search,0,12,0,0,0,Inf,1,NaN,NaN,NaN,NaN,NaN,NaN,NaN,NaN,0.00294851910361411
13,globalize,pf_cluster_medium,9.22079390877361,8.41442296682128,0.704915652991679,9.07227999298156,8.4224614445972,0.727531411221703,0.148731302384005,0.0226157582300242,0.133226459329267,0.1767627336414,1.11022049441056,1.60413093542851,0.875133025227626,0.482908706299755,1.13064906466612,Inf,Inf,1,NaN,11.3529382615997,11.2486681325681,0.785716533912772,1.02384588329405,1,0,0,1.11022049441056,1.60413093542851,0.875133025227626,0.0886048109402953,0,0,0,NaN,NaN,stay,none,none,none,none,NaN,NaN,0,NaN,NaN,NaN,NaN,NaN,NaN,NaN,NaN,NaN,NaN,NaN,NaN,0.00999390611014793,0.054451151508964,NaN,0.548191193963692,NaN,-0.00975890752656938,0,0,0.0382725097411506,0.557872540904539,search,0,13,0,0,0,Inf,1,NaN,NaN,NaN,NaN,NaN,NaN,NaN,NaN,0.00393139378993486
14,globalize,pf_cluster_medium,9.23080036836551,8.42308144603063,0.721691170439267,9.08381646641694,8.43031310644919,0.740587558568323,0.147161694555464,0.0188963881290558,0.127470265996488,0.187436326534213,1.0622522166374,1.54611608788792,0.782775214190789,0.494803814781322,1.14153021512401,Inf,Inf,1,NaN,11.3661675856046,11.262472790277,0.783934585738905,1.04721352051025,1,0,0,1.0622522166374,1.54611608788792,0.782775214190789,0.0813007094072475,0,0,0,NaN,NaN,stay,none,none,none,none,NaN,NaN,0,NaN,NaN,NaN,NaN,NaN,NaN,NaN,NaN,NaN,NaN,NaN,NaN,0.0213453488411533,0.0484921070287581,NaN,0.538581465710866,NaN,-0.00595904448020593,0,0,0.0510195363407993,0.57661617355796,search,0,14,0,0,0,Inf,1,NaN,NaN,NaN,NaN,NaN,NaN,NaN,NaN,0.0139548849211827
15,globalize,pf_cluster_medium,9.24048280548068,8.4317802323566,0.742179365457792,9.09705443858384,8.43948984546327,0.752255902464537,0.143635422389286,0.0100765370067446,0.120927216641836,0.181443646090391,1.00772680534863,1.56782146088843,0.760613608189542,0.498852730539501,1.15272657259821,Inf,Inf,1,NaN,11.379183604486,11.2784270825218,0.780623854853301,1.01433957880404,1,0,0,1.00772680534863,1.56782146088843,0.760613608189542,0.071114293804295,0,0,0,NaN,NaN,stay,none,none,none,none,NaN,NaN,0,NaN,NaN,NaN,NaN,NaN,NaN,NaN,NaN,NaN,NaN,NaN,NaN,0.0228914456325755,0.0438839879774452,NaN,0.53143029338002,NaN,-0.00460811905131286,0,0,0.0631122580049829,0.594760538166999,search,0,15,0,0,0,Inf,1,NaN,NaN,NaN,NaN,NaN,NaN,NaN,NaN,0.0161076517849112
16,globalize,pf_cluster_medium,9.24963852971362,8.44031708576042,0.758687228908359,9.10808009204913,8.44873323466527,0.766259327967224,0.141808401854047,0.00757209905886436,0.122797812799838,0.193519911346716,1.02331510666531,1.52984874357681,0.750902824853212,0.488837076104195,1.16418181599456,Inf,Inf,1,NaN,11.3917003319866,11.2927992504505,0.782969696837513,1.01060339249443,1,0,0,1.02331510666531,1.52984874357681,0.750902824853212,0.0322833641085004,0,0,0,NaN,NaN,stay,none,none,none,none,NaN,NaN,0,NaN,NaN,NaN,NaN,NaN,NaN,NaN,NaN,NaN,NaN,NaN,NaN,0.0191237957956738,0.0394271533847264,NaN,0.523763514270372,NaN,-0.00445683459271886,0,0,0.0753920392849666,0.61411252930167,search,0,16,0,0,0,Inf,1,NaN,NaN,NaN,NaN,NaN,NaN,NaN,NaN,0.0143876780015559
17,globalize,pf_cluster_medium,9.258688627238,8.44906652266373,0.778329334475048,9.11742439109998,8.45302771175082,0.782455284862979,0.141319763057557,0.00412595038793118,0.131769198222945,0.198285354206767,1.09807665185787,1.53898001192123,0.78664183085546,0.502753055238196,1.17597975455001,Inf,Inf,1,NaN,11.4042812996129,11.3025829640172,0.782596815212517,1.00659731844389,1,0,0,1.09807665185787,1.53898001192123,0.78664183085546,0.0580780500370301,0,0,0,NaN,NaN,stay,none,none,none,none,NaN,NaN,0,NaN,NaN,NaN,NaN,NaN,NaN,NaN,NaN,NaN,NaN,NaN,NaN,0.0195409923684799,0.035847644401802,NaN,0.51998163164458,NaN,-0.00357950898292436,0,0,0.0885689591072611,0.633941064722347,search,0,17,0,0,0,Inf,1,NaN,NaN,NaN,NaN,NaN,NaN,NaN,NaN,0.0102838931436416
18,globalize,pf_cluster_medium,9.26827108004635,8.45870749740109,0.798555578560737,9.13202915866366,8.45650118267806,0.792997084549089,0.136259784847564,0.00555849401164776,0.12904007026416,0.205434773933776,1.075333918868,1.55611993161145,0.629155306854776,0.49487822361932,1.18826885120894,Inf,Inf,1,NaN,11.4178551232662,11.3156847013856,0.771234772536323,1.03555090630376,1,0,0,1.075333918868,1.55611993161145,0.629155306854776,0.0625708293369303,0,0,0,NaN,NaN,stay,none,none,none,none,NaN,NaN,0,NaN,NaN,NaN,NaN,NaN,NaN,NaN,NaN,NaN,NaN,NaN,NaN,0.0277176724817248,0.0343842494561881,NaN,0.515463018200033,NaN,-0.00146339494561389,0,0,0.101472966133677,0.654484542115725,search,0,18,0,0,0,Inf,1,NaN,NaN,NaN,NaN,NaN,NaN,NaN,NaN,0.0150121362860687
19,globalize,pf_cluster_medium,9.27700969577324,8.46786354384591,0.818886504729276,9.14052434873158,8.46433165685273,0.805593278166021,0.136531037434039,0.0132932265632553,0.136269659170249,0.201368220226439,1.13558049308541,1.53449802466636,0.701580495225532,0.497513319840861,1.2008723017225,Inf,Inf,1,NaN,11.4304778863036,11.327238240543,0.772683769328109,1.02089359018965,1,0,0,1.13558049308541,1.53449802466636,0.701580495225532,0.0578085385574805,0,0,0,NaN,NaN,stay,none,none,none,none,NaN,NaN,0,NaN,NaN,NaN,NaN,NaN,NaN,NaN,NaN,NaN,NaN,NaN,NaN,0.0214603729626334,0.0320579516873483,NaN,0.512232072495382,NaN,-0.00232629776883984,0,0,0.115099932050702,0.674621364138369,search,0,19,0,0,0,Inf,1,NaN,NaN,NaN,NaN,NaN,NaN,NaN,NaN,0.0115535527042701
20,globalize,pf_cluster_medium,9.28619202637281,8.47792084711224,0.842802425344196,9.15463382675602,8.47128227602206,0.816018224107631,0.131725587918706,0.0267842012365644,0.120604525201328,0.209903200941006,1.00503771001107,1.61160470649287,0.754088385068523,0.491283608011702,1.21401085416291,Inf,Inf,1,NaN,11.4440344128718,11.3423312479219,0.767234714374746,1.00082045978487,1,0,0,1.00503771001107,1.61160470649287,0.754088385068523,0.0780823982161796,0,0,0,NaN,NaN,stay,none,none,none,none,NaN,NaN,0,NaN,NaN,NaN,NaN,NaN,NaN,NaN,NaN,NaN,NaN,NaN,NaN,0.029305297402011,0.0315624739159876,NaN,0.50846134888832,NaN,-0.000495477771360706,0,0,0.127160384570835,0.695611684232469,search,0,20,0,0,0,Inf,1,NaN,NaN,NaN,NaN,NaN,NaN,NaN,NaN,0.0157285878882792
21,globalize,pf_cluster_medium,9.29426081163222,8.48717164097327,0.864276495665762,9.16346088443492,8.47714946286556,0.82491775791619,0.131183325955859,0.0393587377495721,0,0.55,1.0527280197044,1.54010735685663,0.681248127528115,0.498813647000633,1.22712243293574,Inf,Inf,1,NaN,11.4562242721507,11.3528014974565,0.763413645422178,1.11116604607766,1,0,0,1.0527280197044,1.54010735685663,0.681248127528115,0.0654844484362838,0,0,0,NaN,NaN,stay,none,none,none,none,NaN,NaN,0,NaN,NaN,NaN,NaN,NaN,NaN,NaN,NaN,NaN,NaN,NaN,NaN,0.0301875587728279,0.0313149891902188,NaN,0.506724762548536,NaN,-0.000247484725768736,0,0,0.127160384570835,0.750611684232469,search,0,21,0,0,0,Inf,1,NaN,NaN,NaN,NaN,NaN,NaN,NaN,NaN,0.0105990956559157
22,globalize,ok,9.29422206307078,8.48712356456875,0.920564323866068,9.14036277849592,8.49395934625651,0.951964484149904,0.154011062463614,0.0314001602838361,0.146475928182348,0.220607892574884,1.2206327348529,1.5683194723664,0.700734880775083,0.391439148830038,1.23712243293574,Inf,Inf,1,NaN,11.4561632824304,11.3471873915419,0.788690221528093,1.40176158368302,1,0,0,1.2206327348529,1.5683194723664,0.700734880775083,0.511207141529833,0,0,0,NaN,NaN,stay,none,none,none,none,NaN,NaN,0,NaN,NaN,NaN,NaN,NaN,NaN,NaN,NaN,NaN,NaN,NaN,NaN,0.0245631556420139,0.0300996591515419,NaN,0.485973352079207,NaN,-0.00121533003867689,0,0,0.14180797738907,0.772672473489958,search,0,22,0,0,0,Inf,1,NaN,NaN,NaN,NaN,NaN,NaN,NaN,NaN,0.0285673708553437
23,globalize,ok,9.30288123989062,8.4987587887557,0.941443924645414,9.1803729060397,8.50428056686216,0.978469010558138,0.122632711363588,0.0370250859127244,0.147420623031645,0.223119038428674,1.22850519193038,1.54053091122768,0.721612589555274,0.393515221883273,1.25129166150669,Inf,Inf,1,NaN,11.4703912865746,11.3836105475027,0.825560079778781,1.03566915574598,1,1,1,1.22850519193038,1.54053091122768,0.721612589555274,0.151495950370278,0,0,0,NaN,NaN,stay,none,none,none,none,NaN,NaN,0,NaN,NaN,NaN,NaN,NaN,NaN,NaN,NaN,NaN,NaN,NaN,NaN,0.0201766893825539,0.0283135245931241,NaN,0.469330888643939,NaN,-0.00178613455841784,0,0,0.156550039692234,0.794984377332825,search,0,0,0,0,0,Inf,1,NaN,NaN,NaN,NaN,NaN,NaN,NaN,NaN,0.041319945557325
24,globalize,ok,9.31178138256842,8.51129222524951,0.965188130760826,9.2021686051798,8.52198868699013,0.999993808128181,0.11013344297086,0.0348056773673551,0.141649519370556,0.222647764206157,1.1804126614213,1.45276497699591,0.762896614315282,0.394098898802433,1.2659530210555,Inf,Inf,1,NaN,11.4854016075987,11.4116408352118,0.827470763768003,1.02199325843802,1,0,0,1.1804126614213,1.45276497699591,0.762896614315282,0.135323346428095,0,0,0,NaN,NaN,stay,none,none,none,none,NaN,NaN,0,NaN,NaN,NaN,NaN,NaN,NaN,NaN,NaN,NaN,NaN,NaN,NaN,0.0206500317525107,0.0269340958818137,NaN,0.455789130472468,NaN,-0.0013794287113104,0,0,0.17071499162929,0.817249153753441,search,0,1,0,0,0,Inf,1,NaN,NaN,NaN,NaN,NaN,NaN,NaN,NaN,0.0280825572103452
25,globalize,ok,9.31992797558223,8.52332774824782,0.986325701898349,9.20895640443727,8.52983432167064,1.01802513475832,0.111162156780477,0.0316994328599751,0.153074565440336,0.224209731447544,1.27562137866946,1.58357175906455,0.74998374167188,0.403621096715787,1.28087094693107,Inf,Inf,1,NaN,11.4995201732926,11.4219475770205,0.827199681695248,1.05004997904425,1,1,1,1.27562137866946,1.58357175906455,0.74998374167188,0.105572254903063,0,0,0,NaN,NaN,stay,none,none,none,none,NaN,NaN,0,NaN,NaN,NaN,NaN,NaN,NaN,NaN,NaN,NaN,NaN,NaN,NaN,0.0165200484357658,0.0250595673415251,NaN,0.446398884396265,NaN,-0.00187452854028862,0,0,0.186022448173323,0.839670126898195,search,0,0,0,0,0,Inf,1,NaN,NaN,NaN,NaN,NaN,NaN,NaN,NaN,0.0103744012983682
26,globalize,ok,9.32841008838334,8.53649047119836,1.01040431894224,9.21918128432416,8.5510884657626,1.04250125072344,0.110199968609326,0.0320969317811963,0.154406058237885,0.220474622547628,1.28671715198238,1.42002639915762,0.683511459974228,0.398257151815345,1.2966693946749,Inf,Inf,1,NaN,11.5146456066429,11.4438623682039,0.825745310288068,1.07841245125043,1,1,2,1.28671715198238,1.42002639915762,0.683511459974228,0.144745113110521,0,0,0,NaN,NaN,stay,none,none,none,none,NaN,NaN,0,NaN,NaN,NaN,NaN,NaN,NaN,NaN,NaN,NaN,NaN,NaN,NaN,0.0199716345047251,0.0241437394309011,NaN,0.4377333725317,NaN,-0.000915827910623994,0,0,0.201463053997112,0.861717589152958,search,0,0,0,0,0,Inf,1,NaN,NaN,NaN,NaN,NaN,NaN,NaN,NaN,0.0235857331830798
27,globalize,ok,9.33632858458054,8.54939090494538,1.03015506460513,9.23874623877905,8.56249254298019,1.06390126644548,0.0984579460039526,0.0337462018403487,0.153784874433329,0.226168049580056,1.28154062027775,1.52914841615111,0.663150436134014,0.405067484082894,1.31302769833124,Inf,Inf,1,NaN,11.5291788563443,11.4659813606307,0.826911303240804,1.03325761130969,1,0,0,1.28154062027775,1.52914841615111,0.663150436134014,0.0969076877876098,0,0,0,NaN,NaN,stay,none,none,none,none,NaN,NaN,0,NaN,NaN,NaN,NaN,NaN,NaN,NaN,NaN,NaN,NaN,NaN,NaN,0.0250398927656508,0.024305047031156,NaN,0.431853512610915,NaN,0.000161307600254953,0,0,0.216841541440445,0.884334394110964,search,0,1,0,0,0,Inf,1,NaN,NaN,NaN,NaN,NaN,NaN,NaN,NaN,0.0226459802173868
28,globalize,ok,9.34410133402487,8.56269956065398,1.05423874839893,9.24569886138514,8.57475139072598,1.0821737214695,0.0991377487624961,0.0279349730705709,0.153230080654619,0.216483673179999,1.27691733878849,1.48336548979681,0.671026519686394,0.390334261063079,1.32986871208898,Inf,Inf,1,NaN,11.5438802867607,11.4793984356672,0.827755043089049,1.00772808638711,1,0,0,1.27691733878849,1.48336548979681,0.671026519686394,0.0935066277070623,0,0,0,NaN,NaN,stay,none,none,none,none,NaN,NaN,0,NaN,NaN,NaN,NaN,NaN,NaN,NaN,NaN,NaN,NaN,NaN,NaN,0.0188767450408983,0.0233279526729096,NaN,0.424380047332304,NaN,-0.000977094358246389,0,0,0.232164549505907,0.905982761428964,search,0,2,0,0,0,Inf,1,NaN,NaN,NaN,NaN,NaN,NaN,NaN,NaN,0.0140932008130659
29,globalize,ok,9.35170139293515,8.5764395862583,1.07686339786696,9.25300686757909,8.58989962443879,1.10241749404878,0.0996081420521401,0.025554096181819,0.168626621637108,0.120137819300482,1.4052218469759,1.45591585635875,0.681220440579611,0.389795424741789,1.3471876376931,Inf,Inf,1,NaN,11.5587460112529,11.4950363749825,0.825473655940133,1.01452016424724,1,1,1,1.4052218469759,1.45591585635875,0.681220440579611,0.1109738870021,0,0,0,NaN,NaN,stay,none,none,none,none,NaN,NaN,0,NaN,NaN,NaN,NaN,NaN,NaN,NaN,NaN,NaN,NaN,NaN,NaN,0.0113324441121189,0.0211687611319673,NaN,0.418154815266011,NaN,-0.00215919154094233,0,0,0.249027211669617,0.917996543359012,search,0,0,0,0,0,Inf,1,NaN,NaN,NaN,NaN,NaN,NaN,NaN,NaN,0.0168189161109875
30,globalize,ok,9.35948627656451,8.59104306033301,1.08520231819683,9.25895691762622,8.60646444567854,1.10920203709348,0.10170531517339,0.0239997188966523,0.158767896610438,0.221823758274112,1.32306580508698,1.41085708220608,0.658299640305372,0.401542754332028,1.36582398600112,Inf,Inf,1,NaN,11.5743318289506,11.5106402635083,0.824345218107727,1.02234972056725,1,1,2,1.32306580508698,1.41085708220608,0.658299640305372,0.0571955935492281,0,0,0,NaN,NaN,stay,none,none,none,none,NaN,NaN,0,NaN,NaN,NaN,NaN,NaN,NaN,NaN,NaN,NaN,NaN,NaN,NaN,0.0150034629429162,0.0200590074579381,NaN,0.415164644297894,NaN,-0.0011097536740292,0,0,0.264904001330661,0.940178919186423,search,0,0,0,0,0,Inf,1,NaN,NaN,NaN,NaN,NaN,NaN,NaN,NaN,0.0176010340113382
31,globalize,ok,9.36666428553326,8.60503035738786,1.10811758919972,9.27298494219457,8.62226226249185,1.12694732853409,0.0952510258311176,0.018829739334369,0.168346063621306,0.12421295944444,1.40288386351088,1.46229763351947,0.670429938551185,0.397319041665989,1.38453029309632,Inf,Inf,1,NaN,11.5890567286892,11.531663398394,0.822331861829171,1.31018177135207,1,1,3,1.40288386351088,1.46229763351947,0.670429938551185,0.117283302674006,0,0,0,NaN,NaN,stay,none,none,none,none,NaN,NaN,0,NaN,NaN,NaN,NaN,NaN,NaN,NaN,NaN,NaN,NaN,NaN,NaN,0.0201573752617036,0.0200767136626159,NaN,0.411952435824152,NaN,1.77062046777809e-05,0,0,0.281738607692792,0.952600215130867,search,0,0,0,0,0,Inf,1,NaN,NaN,NaN,NaN,NaN,NaN,NaN,NaN,0.0211271505262136
32,globalize,ok,9.37414670780971,8.6203006527805,1.12224613071114,9.30194767674465,8.64791178928097,1.14419733359804,0.0772986089498472,0.0219512028868971,0.182969953213186,0.121934547620793,1.52474961010988,1.5442876956758,0.697660399752817,0.382355215486712,1.40435082008829,Inf,Inf,1,NaN,11.6048737204212,11.5703428536253,0.823200544386703,1.26992850030087,1,0,0,1.52474961010988,1.5442876956758,0.697660399752817,0.0894864949329215,0,0,0,NaN,NaN,stay,none,none,none,none,NaN,NaN,0,NaN,NaN,NaN,NaN,NaN,NaN,NaN,NaN,NaN,NaN,NaN,NaN,0.00660170103787152,0.0176512113901619,NaN,0.406624936163412,NaN,-0.00242550227245398,0,0,0.30003560301411,0.964793669892946,search,0,1,0,0,0,Inf,1,NaN,NaN,NaN,NaN,NaN,NaN,NaN,NaN,0.0386877011093158
33,globalize,ok,9.38154553806358,8.63604418631257,1.14069035433824,9.33145565939803,8.66530877867587,1.14149471672089,0.058012173816526,0.000804362382645252,0.17861684362975,0.120712613007501,1.48847369691459,1.40488597952398,0.625142343517807,0.383118605129512,1.42573844971206,Inf,Inf,1,NaN,11.6209514374556,11.6038277241689,0.835495623060907,1.0037449916248,1,0,0,1.48847369691459,1.40488597952398,0.625142343517807,0.0732658081185685,0,0,0,NaN,NaN,stay,none,none,none,none,NaN,NaN,0,NaN,NaN,NaN,NaN,NaN,NaN,NaN,NaN,NaN,NaN,NaN,NaN,0.00494012787900006,0.0153632163581528,NaN,0.402393796577311,NaN,-0.00228799503200913,0,0,0.317897287377085,0.976864931193697,search,0,2,0,0,0,Inf,1,NaN,NaN,NaN,NaN,NaN,NaN,NaN,NaN,0.0342545804277141
34,globalize,ok,9.38877546462637,8.65217336500581,1.15810466159372,9.3403735570646,8.69123909215896,1.16434175967121,0.0622002869255734,0.00623709807749062,0.173430335181401,0.122052586438887,1.44525279317834,1.44867426860628,0.659280720598564,0.378867286662509,1.44757542777188,Inf,Inf,1,NaN,11.6371684930603,11.6279677890776,0.834511451500827,1.05083793207399,1,1,1,1.44525279317834,1.44867426860628,0.659280720598564,0.0986950632881473,0,0,0,NaN,NaN,stay,none,none,none,none,NaN,NaN,0,NaN,NaN,NaN,NaN,NaN,NaN,NaN,NaN,NaN,NaN,NaN,NaN,0.0058945642035424,0.0136588589703229,NaN,0.398159024792646,NaN,-0.00170435738782987,0,0,0.335240320895226,0.989070189837585,search,0,0,0,0,0,Inf,1,NaN,NaN,NaN,NaN,NaN,NaN,NaN,NaN,0.027420978394705
35,globalize,ok,9.39564837257919,8.66818004093093,1.17234268015242,9.35772199683191,8.7093682584648,1.17224818497846,0.0559899923284577,9.44951739674238e-05,0.179259114694498,0.123222994779582,1.49382595578749,1.44019194557991,0.621490804537064,0.383943848360379,1.46975048605035,Inf,Inf,1,NaN,11.6530437269208,11.6530130019266,0.835441899841011,1.04255117690127,1,0,0,1.49382595578749,1.44019194557991,0.621490804537064,0.0552948147423805,0,0,0,NaN,NaN,stay,none,none,none,none,NaN,NaN,0,NaN,NaN,NaN,NaN,NaN,NaN,NaN,NaN,NaN,NaN,NaN,NaN,0.0075740671521487,0.0125635964430516,NaN,0.395600293034838,NaN,-0.00109526252727136,0,0,0.353166232364675,1.00139248931554,search,0,1,0,0,0,Inf,1,NaN,NaN,NaN,NaN,NaN,NaN,NaN,NaN,0.0250925294321787
36,globalize,ok,9.40251630539323,8.68474824775066,1.18332053248531,9.37560371861311,8.73175102763039,1.17603024218685,0.0541622437092469,0.0072902902984664,0.17066031664699,0.123814478198851,1.42216930539158,1.43284283294177,0.60158102576007,0.386524189887874,1.49304177271781,Inf,Inf,1,NaN,11.6692991098422,11.6813378301891,0.835241824882204,1.06659904311494,1,0,0,1.42216930539158,1.43284283294177,0.60158102576007,0.069267526192704,0,0,0,NaN,NaN,stay,none,none,none,none,NaN,NaN,0,NaN,NaN,NaN,NaN,NaN,NaN,NaN,NaN,NaN,NaN,NaN,NaN,0.0114940585195396,0.0123710796168194,NaN,0.393966594468385,NaN,-0.000192516826232147,0,0,0.370232264029374,1.01377393713543,search,0,2,0,0,0,Inf,1,NaN,NaN,NaN,NaN,NaN,NaN,NaN,NaN,0.0286486357333205
37,globalize,ok,9.40879026864976,8.70043793360617,1.19746938470385,9.40675613327651,8.79014976430157,1.17234951346927,0.0897348888305814,0.0251198712345859,0.168693895037266,0.124690931343919,1.40578245864388,1.37762837437721,0.537329970730184,0.383697555099697,1.51636377601615,Inf,Inf,1,NaN,11.6845277796051,11.7438811469489,0.835696904757824,1.0043419306565,1,0,0,1.40578245864388,1.37762837437721,0.537329970730184,0.0628221362002818,0,0,0,NaN,NaN,stay,none,none,none,none,NaN,NaN,0,NaN,NaN,NaN,NaN,NaN,NaN,NaN,NaN,NaN,NaN,NaN,NaN,0.0197664512070996,0.0137022465030698,NaN,0.392118167382021,NaN,0.00133116688625044,0,0,0.387101653533101,1.02624303026982,search,0,3,0,0,0,Inf,1,NaN,NaN,NaN,NaN,NaN,NaN,NaN,NaN,0.0661882571469485
38,globalize,ok,9.41482899156007,8.71613741723936,1.20972455556149,9.38844991152382,8.79768145188175,1.26673608874425,0.0857046407688438,0.057011533182763,0.145116689529199,0.221682355713574,1.20930574607666,1.46113258055412,0.626962272695982,0.397428479658327,1.54017258199224,Inf,Inf,1,NaN,11.6995944443575,11.7356031156701,0.836762345180368,1.0164919070385,1,0,0,1.20930574607666,1.46113258055412,0.626962272695982,0.502146757800993,0,0,0,NaN,NaN,stay,none,none,none,none,NaN,NaN,0,NaN,NaN,NaN,NaN,NaN,NaN,NaN,NaN,NaN,NaN,NaN,NaN,0.00478311607473114,0.0120968030259689,NaN,0.393074023591756,NaN,-0.00160544347710096,0,0,0.401613322486021,1.04841126584118,search,0,4,0,0,0,Inf,1,NaN,NaN,NaN,NaN,NaN,NaN,NaN,NaN,0.0197950517216792
39,globalize,ok,9.41998197858715,8.73032524677301,1.2351010691257,9.38891547633743,8.82849425957002,1.33155243236351,0.102967386271438,0.0964513632378066,0.161795204160405,0.217985050920851,1.34829336800338,1.32410757640307,0.560985487370046,0.40101469121079,1.56255853994812,Inf,Inf,1,NaN,11.71299055881,11.7569634317547,0.838042909716613,1.00023821242688,1,0,0,1.34829336800338,1.32410757640307,0.560985487370046,0.0876949722847924,0,0,0,NaN,NaN,stay,none,none,none,none,NaN,NaN,0,NaN,NaN,NaN,NaN,NaN,NaN,NaN,NaN,NaN,NaN,NaN,NaN,0.0197520863393876,0.0134747540223842,NaN,0.394503343763182,NaN,0.00137795099641536,0,0,0.417792842902061,1.07020977093326,search,0,5,0,0,0,Inf,1,NaN,NaN,NaN,NaN,NaN,NaN,NaN,NaN,0.030816324703481
40,globalize,ok,9.42504629283094,8.74538259671857,1.25759229612404,9.39619944873895,8.8440003898689,1.34323074586896,0.102750228904415,0.0856384497449207,0.150159578984775,0.225120212343981,1.25132982487312,1.38095971804061,0.579823825211591,0.402794731604263,1.58688838072408,Inf,Inf,1,NaN,11.7269146906471,11.7728750623928,0.837620580206267,1.0264649930244,1,0,0,1.25132982487312,1.38095971804061,0.579823825211591,0.0736179663201006,0,0,0,NaN,NaN,stay,none,none,none,none,NaN,NaN,0,NaN,NaN,NaN,NaN,NaN,NaN,NaN,NaN,NaN,NaN,NaN,NaN,0.0134324977452183,0.0134671478924944,NaN,0.395995793574577,NaN,-7.60612988987691e-06,0,0,0.432808800800539,1.09272179216766,search,0,6,0,0,0,Inf,1,NaN,NaN,NaN,NaN,NaN,NaN,NaN,NaN,0.0171317346112962
41,globalize,ok,9.42953726511086,8.75974974720981,1.27807365103449,9.39900790191821,8.85053178486404,1.35732901345069,0.0957779743866149,0.0792553624162022,0,0.7,1.27292818363934,1.49987916317543,0.493201623011541,0.400724672975053,1.61067660901724,Inf,Inf,1,NaN,11.7399544057097,11.7793887327127,0.839405471914231,1.00791830046304,1,0,0,1.27292818363934,1.49987916317543,0.493201623011541,0.0859870362449348,0,0,0,NaN,NaN,stay,none,none,none,none,NaN,NaN,0,NaN,NaN,NaN,NaN,NaN,NaN,NaN,NaN,NaN,NaN,NaN,NaN,0.00960136977821698,0.0127713078319244,NaN,0.396846991866662,NaN,-0.000695840060569929,0,0,0.432808800800539,1.16272179216766,search,0,7,0,0,0,Inf,1,NaN,NaN,NaN,NaN,NaN,NaN,NaN,NaN,0.00710960827631191
42,globalize,ok,9.42954518826663,8.7597798601703,1.34895279008755,9.4034044116168,8.84469505333439,1.41915942675005,0.0888477925102908,0.0702066366625091,0.152146085181115,0.222403441940766,1.26788404317596,1.43168524160592,0.584712893361978,0.399512870297978,1.62067660901724,Inf,Inf,1,NaN,11.7399806464367,11.7786113770245,0.840219232564593,1.05198105436693,1,0,0,1.26788404317596,1.43168524160592,0.584712893361978,0.0894352158296514,0,0,0,NaN,NaN,stay,none,none,none,none,NaN,NaN,0,NaN,NaN,NaN,NaN,NaN,NaN,NaN,NaN,NaN,NaN,NaN,NaN,0.00315269451216318,0.0110399574343674,NaN,0.397326849984299,NaN,-0.00173135039755703,0,0,0.44802340931865,1.18496213636174,search,0,8,0,0,0,Inf,1,NaN,NaN,NaN,NaN,NaN,NaN,NaN,NaN,0.00730730678697265
43,globalize,ok,9.43267125197663,8.77433700892042,1.36957650655627,9.40619115290696,8.85416231095667,1.43162737091329,0.0841027614999577,0.0620508643570252,0.150299887135361,0.219555278924343,1.25249905946134,1.48224098396412,0.586433418450507,0.401167030952476,1.64481771987349,Inf,Inf,1,NaN,11.752151448843,11.7871140102915,0.83863167678633,1.05857995714826,1,0,0,1.25249905946134,1.48224098396412,0.586433418450507,0.0381919734690648,0,0,0,NaN,NaN,stay,none,none,none,none,NaN,NaN,0,NaN,NaN,NaN,NaN,NaN,NaN,NaN,NaN,NaN,NaN,NaN,NaN,0.00324227836195946,0.00963637520133398,NaN,0.398018082558571,NaN,-0.00140358223303343,0,0,0.463053398032186,1.20691766425417,search,0,9,0,0,0,Inf,1,NaN,NaN,NaN,NaN,NaN,NaN,NaN,NaN,0.00986888513992271
44,globalize,ok,9.43542645895061,8.78867580342874,1.39234269348174,9.42012683663457,8.84862091025238,1.43148544993392,0.0618667461170459,0.0391427564521871,0.14588211018982,0.221500350601031,1.21568425158184,1.56664339477241,0.621140660577602,0.172189595217601,1.66922952020653,Inf,Inf,1,NaN,11.7639079909795,11.7935103017134,0.999758272019334,1.08299180943658,1,0,0,1.21568425158184,1.56664339477241,0.621140660577602,0.0514089180846656,0,0,0,NaN,NaN,stay,none,none,none,none,NaN,NaN,0,NaN,NaN,NaN,NaN,NaN,NaN,NaN,NaN,NaN,NaN,NaN,NaN,0.00639068036069556,0.00905215013001907,NaN,0.357368954837196,NaN,-0.000584225071314915,0,1,0.477641609051168,1.22906769931428,confirm,0,10,0,0,0,Inf,1,NaN,NaN,NaN,NaN,NaN,NaN,NaN,NaN,0.0149970131266684
45,globalize,ok,9.43782334916142,8.8028646006604,1.4145530978955,9.42498949867875,8.85487432345811,1.44203694096317,0.0535697581075969,0.0274838430676727,0,0.7,1.29473245360325,1.47764684083423,0.493718888875755,0.172078958308358,1.69363263506816,Inf,Inf,1,NaN,11.7753061118521,11.8013323069484,0.999999596840924,1.0040969440797,1,0,0,1.29473245360325,1.47764684083423,0.493718888875755,0.0782858158664179,0,0,0,NaN,NaN,stay,none,none,none,none,NaN,NaN,0,NaN,NaN,NaN,NaN,NaN,NaN,NaN,NaN,NaN,NaN,NaN,NaN,0.00410370682523706,0.0081614303351583,NaN,0.324016755462006,NaN,-0.00089071979486076,0,0,0.477641609051168,1.29906769931428,confirm,0,11,0,0,0,Inf,1,NaN,NaN,NaN,NaN,NaN,NaN,NaN,NaN,0.00792153134674848
46,globalize,ok,9.43783013023371,8.80292051098624,1.48564898112712,9.41905119646277,8.84869225908674,1.50196512600807,0.0494742486324847,0.016316144880943,0.138593602866025,0.218375160779258,1.1549466905502,1.56944207604068,0.576143308474366,0.147489469592031,1.70363263506816,Inf,Inf,1,NaN,11.7753490845893,11.7927728125632,1,1.00233399184114,1,0,0,1.1549466905502,1.56944207604068,0.576143308474366,0.0973692023845071,0,0,0,NaN,NaN,stay,none,none,none,none,NaN,NaN,0,NaN,NaN,NaN,NaN,NaN,NaN,NaN,NaN,NaN,NaN,NaN,NaN,0.00116713565333625,0.00690245729243034,NaN,0.29224184400541,NaN,-0.00125897304272797,0,0,0.491500969337771,1.3209052153922,confirm,0,12,0,0,0,Inf,1,NaN,NaN,NaN,NaN,NaN,NaN,NaN,NaN,0.00857212652146692
47,globalize,ok,9.43886303828778,8.81633773294539,1.50227925915605,9.42967971807131,8.8561880077476,1.51090457738796,0.040894715697874,0.00862531823191093,0.144697709523155,0.221389602431976,1.20581424602629,1.58868982189908,0.546436971634303,0.147404884656867,1.72728392101869,Inf,Inf,1,NaN,11.7852291128742,11.8056570021608,0.999999997853596,1.00109995783629,1,0,0,1.20581424602629,1.58868982189908,0.546436971634303,0.0617998826615413,0,0,0,NaN,NaN,stay,none,none,none,none,NaN,NaN,0,NaN,NaN,NaN,NaN,NaN,NaN,NaN,NaN,NaN,NaN,NaN,NaN,0.00287136316773064,0.00617686034998439,NaN,0.266171191322672,NaN,-0.000725596942445944,0,0,0.505970740290086,1.3430441756354,confirm,0,13,0,0,0,Inf,1,NaN,NaN,NaN,NaN,NaN,NaN,NaN,NaN,0.0130058340589867
48,globalize,ok,9.43966325487761,8.83050491625682,1.5264656690713,9.43671197178701,8.8720125552751,1.52338804722021,0.0416124280564496,0.00307762185109217,0,0.7,1.10050859898747,1.53475097921739,0.415759178473657,0.148564962614914,1.75189651253542,Inf,Inf,1,NaN,11.7954563441906,11.8215980466318,1,1.01380220996611,1,0,0,1.10050859898747,1.53475097921739,0.415759178473657,0.0779505945629624,0,0,0,NaN,NaN,stay,none,none,none,none,NaN,NaN,0,NaN,NaN,NaN,NaN,NaN,NaN,NaN,NaN,NaN,NaN,NaN,NaN,0.0034431181792909,0.00568478675925956,NaN,0.245002070155276,NaN,-0.000492073590724828,0,0,0.505970740290086,1.4130441756354,confirm,0,14,0,0,0,Inf,1,NaN,NaN,NaN,NaN,NaN,NaN,NaN,NaN,0.0173167230379261
49,globalize,ok,9.43966137266841,8.83030434043363,1.59635947888957,9.44329761953984,8.85143484597571,1.56154983400969,0.0214410950227278,0.0348096448798829,0.14342838276383,0.218497507384278,1.19523652303192,1.7432325000148,0.644755971150638,0.138043632523641,1.76189651253542,Inf,Inf,1,NaN,11.7953184117414,11.8123747324124,1,1.00004323411257,1,0,0,1.19523652303192,1.7432325000148,0.644755971150638,0.138170158476451,0,0,0,NaN,NaN,stay,none,none,none,none,NaN,NaN,0,NaN,NaN,NaN,NaN,NaN,NaN,NaN,NaN,NaN,NaN,NaN,NaN,0.00654353396772057,0.00583936125678254,NaN,0.225749551381582,NaN,0.000154574497522982,0,0,0.520313578566469,1.43489392637383,confirm,0,15,0,0,0,Inf,1,NaN,NaN,NaN,NaN,NaN,NaN,NaN,NaN,0.0216058528259056
50,globalize,ok,9.43912167937946,8.84506137106182,1.61834447750029,9.45226800815601,8.86110213449414,1.56067807839588,0.0207396251603815,0.0576663991044146,0.138275176915261,0.222505888907145,1.15229314096051,1.68621210465086,0.57470346325906,0.138383108285351,1.78621013170692,Inf,Inf,1,NaN,11.8049750467875,11.8255278659223,0.999999999658779,1.00205055694963,1,0,0,1.15229314096051,1.68621210465086,0.57470346325906,0.062793862898089,0,0,0,NaN,NaN,stay,none,none,none,none,NaN,NaN,0,NaN,NaN,NaN,NaN,NaN,NaN,NaN,NaN,NaN,NaN,NaN,NaN,0.00852948612838057,0.00632358373367019,NaN,0.21002359162426,NaN,0.000484222476887644,0,0,0.534141096257995,1.45714451526454,confirm,0,16,0,0,0,Inf,1,NaN,NaN,NaN,NaN,NaN,NaN,NaN,NaN,0.0131880377321142
51,globalize,ok,9.43832896756878,8.85882101170153,1.6383437009938,9.45550037649296,8.85330014756203,1.58047948207345,0.0180371068990595,0.0578642189203586,0.138680364663124,0.215693503660179,1.15566970552603,1.70363336728361,0.596386473834903,0.126992818974335,1.81032198841918,Inf,Inf,1,NaN,11.8137768495338,11.822577131666,1,1.02705020297744,1,0,0,1.15566970552603,1.70363336728361,0.596386473834903,0.0950472085106163,0,0,0,NaN,NaN,stay,none,none,none,none,NaN,NaN,0,NaN,NaN,NaN,NaN,NaN,NaN,NaN,NaN,NaN,NaN,NaN,NaN,0.0297955043959741,0.0105485294528849,NaN,0.195078052547274,NaN,0.0042249457192147,0,0,0.548009132724308,1.47871386563056,confirm,0,17,0,0,0,Inf,1,NaN,NaN,NaN,NaN,NaN,NaN,NaN,NaN,0.0084450698726856
52,globalize,ok,9.43725692265123,8.87247584258666,1.65994812950303,9.4379998826098,8.88612967411086,1.66173739345314,0.0136740303053427,0.00178926395011469,0.143166056243037,0.214754518399153,1.19305046869197,1.7041426195428,0.638471498332292,0.105446016490074,1.8347722118481,Inf,Inf,1,NaN,11.8223125223888,11.8321821773713,0.999999911889326,1.001999753776,1,0,0,1.19305046869197,1.7041426195428,0.638471498332292,0.310774605747488,0,0,0,NaN,NaN,stay,none,none,none,none,NaN,NaN,0,NaN,NaN,NaN,NaN,NaN,NaN,NaN,NaN,NaN,NaN,NaN,NaN,0.00444477150370371,0.00944985302203228,NaN,0.178944286056978,NaN,-0.00109867643085261,0,0,0.562325738348612,1.50018931747047,confirm,0,18,0,0,0,Inf,1,NaN,NaN,NaN,NaN,NaN,NaN,NaN,NaN,0.037202756612579
53,globalize,ok,9.43579645745497,8.88701052531631,1.68193504094966,9.42764102258961,8.90937018147563,1.69420928357747,0.0238005323765253,0.0122742426278126,0.14464776032078,0.218497482634668,1.20539800267317,1.75129218598697,0.629523640463101,0.107552723569308,1.86000602831555,Inf,Inf,1,NaN,11.8311757526954,11.8405267769165,0.9999774698778,1.00245476115498,1,0,0,1.20539800267317,1.75129218598697,0.629523640463101,0.196135306862002,0,0,0,NaN,NaN,stay,none,none,none,none,NaN,NaN,0,NaN,NaN,NaN,NaN,NaN,NaN,NaN,NaN,NaN,NaN,NaN,NaN,0.0149212848150181,0.0104347107447697,NaN,0.166093804809197,NaN,0.00098485772273744,0,0,0.57679051438069,1.52203906573394,confirm,0,19,0,0,0,Inf,1,NaN,NaN,NaN,NaN,NaN,NaN,NaN,NaN,0.0254445900633071
54,globalize,ok,9.43397577286767,8.90177831499534,1.70499468199196,9.41983302587085,8.91211460480969,1.71757517444483,0.017517310859334,0.0125804924528694,0.13164784372436,0.221195339366846,1.09706536436967,1.78445348145226,0.535259817645071,0.116096990848119,1.8857236257142,Inf,Inf,1,NaN,11.8399471921033,11.8367193409095,0.999999506196209,1.00428699458242,1,0,0,1.09706536436967,1.78445348145226,0.535259817645071,0.154267544046309,0,0,0,NaN,NaN,stay,none,none,none,none,NaN,NaN,0,NaN,NaN,NaN,NaN,NaN,NaN,NaN,NaN,NaN,NaN,NaN,NaN,0.0105629364597974,0.0104577913734747,NaN,0.157094378296203,NaN,2.30806287049908e-05,0,0,0.589955298753126,1.54415859967063,confirm,0,20,0,0,0,Inf,1,NaN,NaN,NaN,NaN,NaN,NaN,NaN,NaN,0.00827627163623579
55,globalize,ok,9.43204306745629,8.9148010310821,1.73126773793372,9.42012711152962,8.92327809258085,1.73688125336173,0.0146236307837646,0.00561351542801614,0.12021401667669,0.222165424656443,1.00178347230575,1.82853382422158,0.552680958946652,0.116387331784673,1.91029813703671,Inf,Inf,1,NaN,11.8474538738275,11.844586881286,0.999986029062006,1.00305225004437,1,0,0,1.00178347230575,1.82853382422158,0.552680958946652,0.125950020391644,0,0,0,NaN,NaN,stay,none,none,none,none,NaN,NaN,0,NaN,NaN,NaN,NaN,NaN,NaN,NaN,NaN,NaN,NaN,NaN,NaN,0.00441136216794309,0.00936943411647902,NaN,0.149767109924128,NaN,-0.00108835725699569,0,0,0.601976700420795,1.56637514213627,confirm,0,21,0,0,0,Inf,1,NaN,NaN,NaN,NaN,NaN,NaN,NaN,NaN,0.0111673607263086
56,globalize,ok,9.43004708636982,8.92644925870962,1.74973835982828,9.41512459997272,8.93559149008234,1.76316062041479,0.0175003141327233,0.0134222605865109,0.129451978338314,0.219068815704204,1.07876648615262,1.91985150553273,0.629752451575623,0.119242766588857,1.93380857998678,Inf,Inf,1,NaN,11.8539820426447,11.8493974853811,0.999999999999348,1.00423080724545,1,0,0,1.07876648615262,1.91985150553273,0.629752451575623,0.100348167836657,0,0,0,NaN,NaN,stay,none,none,none,none,NaN,NaN,0,NaN,NaN,NaN,NaN,NaN,NaN,NaN,NaN,NaN,NaN,NaN,NaN,0.00481146392532428,0.00854899948207117,NaN,0.144272728123779,NaN,-0.000820434634407851,0,0,0.614921898254626,1.58828202370669,confirm,0,22,0,0,0,Inf,1,NaN,NaN,NaN,NaN,NaN,NaN,NaN,NaN,0.0132907817643167
57,globalize,ok,9.42768696105518,8.93883271970992,1.76851094692721,9.41393212139573,8.95099569632059,1.78362644338484,0.0183611986016361,0.0151154964576277,0.128454040202763,0.222934171062716,1.07045033502303,1.89995455757178,0.564869660460389,0.119088101271402,1.95856453523761,Inf,Inf,1,NaN,11.8607580001188,11.8591128434403,0.999999915040068,1.00044170385691,1,0,0,1.07045033502303,1.89995455757178,0.564869660460389,0.077627248369168,0,0,0,NaN,NaN,stay,none,none,none,none,NaN,NaN,0,NaN,NaN,NaN,NaN,NaN,NaN,NaN,NaN,NaN,NaN,NaN,NaN,0.00575465064753126,0.00804601669185398,NaN,0.139739495290351,NaN,-0.000502982790217182,0,0,0.627767302274902,1.61057544081296,committed,0,23,0,0,0,Inf,1,NaN,NaN,NaN,NaN,NaN,NaN,NaN,NaN,0.0154502936861063
58,globalize,ok,9.42500877630885,8.95143087644631,1.79201599491405,9.40758966343393,8.96893901396998,1.80494619512186,0.0246973758301684,0.0129302002078058,0.127729049630506,0.222270872916392,1.06440874692088,1.96427619125996,0.604708430647039,0.125376525818396,1.98342334234773,Inf,Inf,1,NaN,11.8674597840012,11.8668514959957,0.999999997087978,1.00768516806332,1,0,0,1.06440874692088,1.96427619125996,0.604708430647039,0.0662276541641949,0,0,0,NaN,NaN,stay,none,none,none,none,NaN,NaN,0,NaN,NaN,NaN,NaN,NaN,NaN,NaN,NaN,NaN,NaN,NaN,NaN,0.00566983378953026,0.00761830376943571,NaN,0.137154160785399,NaN,-0.000427712922418269,0,0,0.640540207237953,1.6328025281046,committed,0,24,0,0,0,Inf,1,NaN,NaN,NaN,NaN,NaN,NaN,NaN,NaN,0.0190312748197291
59,globalize,ok,9.42210491437564,8.96366678189595,1.81560117059033,9.40280221324114,8.97807121687519,1.8250501081888,0.0240848919067318,0.0094489375984721,0.127696126200266,0.220285017382638,1.06413438500221,2.02328889389399,0.603452050118524,0.124878369384646,2.00840155005315,Inf,Inf,1,NaN,11.8737588185179,11.8696695298744,0.999999974122343,1.003192790328,1,0,0,1.06413438500221,2.02328889389399,0.603452050118524,0.0831375087674825,0,0,0,NaN,NaN,stay,none,none,none,none,NaN,NaN,0,NaN,NaN,NaN,NaN,NaN,NaN,NaN,NaN,NaN,NaN,NaN,NaN,0.00203842926589898,0.0066139263587991,NaN,0.134944518333264,NaN,-0.00100437741063661,0,0,0.65330981985798,1.65483102984287,committed,0,25,0,0,0,Inf,1,NaN,NaN,NaN,NaN,NaN,NaN,NaN,NaN,0.0103110042794316
60,globalize,ok,9.41890932845372,8.97592380125119,1.83606637977187,9.40894692192327,8.97998895511585,1.83773084054238,0.0107598801025513,0.00166446077051319,0.128981944396651,0.225243919584336,1.07484953663876,1.98301322278217,0.526485553128693,0.130474826118137,2.03357273467011,Inf,Inf,1,NaN,11.8798707070394,11.8754446826344,0.999999611281146,1.00133435320054,1,0,0,1.07484953663876,1.98301322278217,0.526485553128693,0.0771678403634798,0,0,0,NaN,NaN,stay,none,none,none,none,NaN,NaN,0,NaN,NaN,NaN,NaN,NaN,NaN,NaN,NaN,NaN,NaN,NaN,NaN,0.00442953748332617,0.00622073636121397,NaN,0.134139973734541,NaN,-0.000393189997585129,0,0,0.666208014297645,1.6773554218013,committed,0,26,0,0,0,Inf,1,NaN,NaN,NaN,NaN,NaN,NaN,NaN,NaN,0.00643701520489183
